mint_slug,matched_wiki_event,match_via
a-knight-attacks-tyrion-s-shield,,none
aeron-damphair-demands-benfred-s-death,,none
all-accused-arrested-by-sundown,,none
anguy-kills-the-rooftop-sentinel,,none
anguy-mercy-kills-the-prisoners,,none
arch-kills-the-basilisk-serjeant,,none
areo-hotah-springs-the-ambush,,none
arianne-collapses-and-is-captured,,none
arstan-kills-mero,,none
arya-captured,,none
arya-frees-the-prisoners,,none
arya-gives-water-to-the-prisoners,,none
attack-on-the-wildlings,,none
bear-killed-by-crossbowmen,,none
bloodriders-attack-mirri,,none
bolton-banner-raised-prisoners-killed,,none
bolton-forces-attack,,none
bowman-ambush,,none
bran-s-direwolf-kills-the-assassin,,none
brienne-arrested,,none
brienne-asks-to-arm-renly-for-battle,,none
bronn-kills-ser-vardis,,none
catelyn-is-killed,,none
catelyn-seizes-the-moment-and-arrests-tyrion,,none
cersei-claims-ned-s-men-attacked-first,,none
cersei-confronts-and-arrests-the-blue-bard,,none
cersei-fills-in-the-arrest-warrants,,none
cersei-is-captured-in-the-sept,,none
cersei-is-stripped-and-imprisoned,,none
cersei-maneuvers-for-lady-s-death,,none
cersei-orders-executions,,none
cersei-orders-ned-s-arrest,,none
cersei-orders-osney-to-kill-jon-snow,,none
cersei-orders-the-sleeping-guards-executed,,none
cersei-plots-against-margaery,,none
cersei-plots-the-discovery,,none
cersei-reacts-to-the-stark-boys-deaths,,none
chiswyck-dies-three-days-later,,none
crossbows-kill-more-northmen,,none
daario-offers-to-kill-jorah,,none
daily-interrogations-and-killings,,none
davos-seaworth-captured,,none
deaf-dick-follard-killed,,none
death-of-ser-stevron-frey-announced,,none
deaths-on-the-march,,none
defenders-killed-on-battlements,,none
dog-fight-kills-stout-s-hound,,none
doran-orders-arrest-of-the-sand-snakes,,none
drogon-kills-more-attackers,,none
dryn-given-as-final-hostage,,none
encounter-with-the-three-prisoners,,none
final-vision-human-sacrifice,,none
first-lannister-attack-on-the-ford-daytime,,none
fleet-forms-battle-lines,,none
gendry-captured,,none
gold-cloaks-betray-ned,,none
gregor-confesses-and-kills-oberyn,,none
grey-wind-attacks,,none
guards-killed,,none
hizdahr-orders-drogon-killed,,none
holly-kills-first-guard,,none
hostage-boys-pass-through,,none
hostage-negotiation,,none
iron-fleet-captures-ghiscari-dawn,,none
iron-fleet-captures-myrish-cog-dove,,none
jaime-demands-the-red-wedding-captives,,none
jaime-lannister-ambushes-ned-s-party,,none
jaime-lannister-is-captured-and-brought-before-catelyn,,none
jaime-lies-about-cleos-s-death,,none
jaime-orders-siege-equipment-and-gallows-burned,,none
jaime-questions-the-kingsguard-about-joffrey-s-death,,none
jaime-refuses-to-kill-tyrion,,none
jaime-s-kills-are-revealed,,none
jaime-sheathes-his-sword-but-orders-ned-s-men-killed,,none
joffrey-calls-for-the-bedding,,none
joffrey-demands-coronation,,none
joffrey-orders-execution,,none
joffrey-screams-for-killing,,none
joffrey-sets-sansa-aside-and-agrees-to-wed-margaery,,none
jon-argues-against-the-dreadfort-attack,,none
jon-attacks-ser-alliser-thorne,,none
jon-is-stabbed-repeatedly,,none
jon-kills-qhorin-halfhand,,none
jon-orders-slynt-hanged-then-changes-to-beheading,,none
jon-overhears-the-conspiracy,,none
jon-refuses-to-kill,,none
karstark-men-hunting-the-kingslayer,,none
khrazz-killed,,none
kill-list-recitation-before-sleep,,none
kingsguard-investiture-ceremony,,none
kyle-and-notch-kill-the-door-guards,,none
learning-about-manderly-s-hostage,,none
lem-disputes-beric-s-death,,none
lightning-strikes-the-tower-direwolf-attacks,,none
littlefinger-orders-dontos-killed,,none
lommy-yields-and-is-killed,,none
lord-nestor-and-the-knights-call-for-marillion-s-death,,none
lord-walder-calls-for-the-bedding,,none
lord-wyman-orders-arrest,,none
lord-wyman-orders-execution,,none
lysa-accuses-tyrion-of-poisoning-jon-arryn,,none
maester-killed,,none
mammoth-attacks-gate-below,,none
mance-rayder-brought-to-execution,,none
merrett-attempts-to-defend-his-innocence-in-the-red-wedding,,none
messenger-details-the-battle,,none
mikken-is-killed,,none
mormont-delivers-ceremony-speech,,none
mormont-s-battle-plan,,none
mountain-clansmen-attack,,none
murder-announced,,none
murder-of-a-toddler-and-his-mother,,none
mutiny-plan-reviewed,,none
ned-claims-the-execution,,none
ned-kills-lady,,none
ned-opposes-the-assassination,,none
ned-orders-daenerys-s-assassination-cancelled,,none
ned-orders-janos-slynt-to-arrest-cersei,,none
night-attack-planned,,none
night-battle-atop-the-wall,,none
notable-hostage-fathers-identified,,none
old-grazdan-killed,,none
one-armed-woman-dies,,none
orell-s-eagle-attacks-jon,,none
post-battle-orders,,none
post-ceremony-congratulations,,none
praed-s-death-and-burial,,none
prisoners-brought-before-robb,,none
prisoners-freed,,none
prisoners-gathered-in-yard,,none
pyat-pree-attacks,,none
pycelle-arrested-and-thrown-in-the-black-cells,,none
qhorin-commands-jon-to-yield-if-captured,,none
qhorin-orders-ygritte-s-execution,,none
queen-s-men-begin-calling-for-sacrifice,,none
queen-s-men-push-stannis-harder-for-sacrifice,,none
quentyn-orders-the-attack,,none
rakharo-and-jhogo-kill-haggo,,none
ram-assault-on-gatehouse,,none
red-wedding-revealed,,none
redwyne-hostage-decision,,none
renly-s-death-reflection,,none
reznak-and-skahaz-advise-on-the-murders,,none
robb-is-killed,,none
robb-returns-and-attacks,,none
robin-flint-is-killed,,none
sansa-panics-and-begs-them-not-to-cancel-the-wedding,,none
scalding-broth-assault-on-dungeon-guards,,none
second-lannister-attack-after-midnight,,none
ser-amory-lorch-executed,,none
ser-amory-receives-the-prisoners,,none
ser-arys-is-killed,,none
ser-axell-florent-arrests-davos,,none
ser-meryn-trant-kills-the-defiant-knight,,none
ser-rodrik-offers-himself-as-hostage,,none
ser-ryman-kills-dacey-mormont,,none
ser-wendel-manderly-is-killed,,none
seven-girls-sacrificed-on-burning-ketch,,none
shadow-assassination-of-renly,,none
six-wildling-deserters-ambush-bran,,none
skahaz-demands-hostage-executions,,none
slaver-galley-willing-maiden-captured,,none
slavers-killed-rowers-freed,,none
sons-of-the-harpy-kill-twenty-nine,,none
stone-men-attack-the-shy-maid,,none
styr-orders-jon-to-kill-the-old-man,,none
taena-recounts-renly-s-wedding-night,,none
the-ambush-begins,,none
the-antler-men-conspiracy,,none
the-battle,,none
the-bedding-ceremony-begins,,none
the-camp-becomes-a-battlefield,,none
the-crannogman-spots-his-attackers-masters,,none
the-crew-calls-for-moqorro-s-death,,none
the-execution,,none
the-guards-are-killed,,none
the-hound-guesses-arya-wants-to-kill-sansa,,none
the-queen-s-faction-urges-sacrifice-of-edric-storm,,none
the-sacked-town-is-observed,,none
the-stallion-is-brought-in-and-sacrificed,,none
the-wedding-ceremony,,none
the-wedding-feast-proceeds,,none
the-wine-merchant-attempts-to-poison-dany,,none
theon-carries-jeyne-up-battlements-stairs,,none
theon-urges-robb-to-kill-jaime,,none
thoros-signals-full-attack,,none
three-escaped-slaves-are-executed-by-tolosi-slingers,,none
three-frey-riders-break-from-the-column-to-attack,,none
three-hostages-returned,,none
trail-followed-north-northwest,,none
two-ghiscari-galleys-chased-and-captured,,none
tyrell-plot-revealed,,none
tyrion-asks-bronn-to-protect-him-in-battle,,none
tyrion-assessed-the-room-during-capture,,none
tyrion-confirms-cersei-ordered-the-brothel-killing,,none
tyrion-confronts-pycelle-about-betraying-his-letter-to-cersei,,none
tyrion-fights-and-kills,,none
tyrion-orders-symon-s-assassination,,none
tyrion-probes-about-the-brothel-killing,,none
tyrion-processes-the-assassination-attempt,,none
tyrion-resolves-to-wed-shae-to-ser-tallad,,none
tyrion-s-battle-dream,,none
unnamed-spearman-attacks-drogon,,none
varys-confirms-cersei-s-role-in-robert-s-death,,none
victarion-admits-euron-s-role-in-his-wife-s-death,,none
victarion-orders-kerwin-killed,,none
victarion-slays-multiple-defenders,,none
wedding-ceremony-begins-at-dawn,,none
wedding-ceremony-in-the-royal-sept,,none
wedding-ceremony,,none
wedding-feast-begins,,none
wedding-guests-observed-in-torchlight,,none
wedding-morning-daario-leaves-angrily,,none
wight-ambush,,none
wight-attacks,,none
wildlings-attack-the-gate,,none
woth-killed,,none
yellow-dick-found-murdered,,none
ygritte-kills-the-old-man,,none
